{
    "f (Hz)": {
        "mean": 225.0,
        "min": 50.0,
        "max": 400.0,
        "count": 11528,
        "std": 114.564392373896
    },
    "Material Switch 2 index": {
        "mean": 2.0,
        "min": 2.0,
        "max": 2.0,
        "count": 11528,
        "std": 0.0
    },
    "Time (s)": {
        "mean": 0.006796690283071991,
        "min": 0.0,
        "max": 0.039999999999999994,
        "count": 11528,
        "std": 0.007462782777493631
    },
    "Coil current A (A)": {
        "mean": 4.138156744458914e-05,
        "min": -3.5355339017391048,
        "max": 3.5355339017391048,
        "count": 11528,
        "std": 2.4991604413919672
    },
    "Coil current B (A)": {
        "mean": 0.001991830462091135,
        "min": -3.5355339017391048,
        "max": 3.5355339017391048,
        "count": 11528,
        "std": 2.5004508521100193
    },
    "Coil current C (A)": {
        "mean": -0.0020332120295358915,
        "min": -3.5355339017391048,
        "max": 3.5355339017391048,
        "count": 11528,
        "std": 2.500386874327972
    },
    "Coil voltage A (V)": {
        "mean": 12911.306313237093,
        "min": -4790.61676705174,
        "max": 32104335.45375907,
        "count": 11528,
        "std": 549604.1961380908
    },
    "Coil voltage B (V)": {
        "mean": -142.19119888176945,
        "min": -688353.1379271798,
        "max": 141695.63691648934,
        "count": 11528,
        "std": 9577.536771876485
    },
    "Coil voltage C (V)": {
        "mean": -13057.625327499794,
        "min": -30305777.525350105,
        "max": 4842.580682611696,
        "count": 11528,
        "std": 541910.6328571374
    },
    "Axial torque (N*m)": {
        "mean": 3.2044930037109927,
        "min": 2.7322325738445903,
        "max": 4.588214411118987,
        "count": 11528,
        "std": 0.3170472351750529
    },
    "Rotor Losses (W)": {
        "mean": 2.3443264315538164,
        "min": 0.5139378780100011,
        "max": 10.254582802667517,
        "count": 11528,
        "std": 1.1982154904507512
    },
    "Stator Losses (W)": {
        "mean": 21.009724829836287,
        "min": 4.549207533852124,
        "max": 45.87231705048386,
        "count": 11528,
        "std": 10.700759195437259
    },
    "Coil Losses (W)": {
        "mean": 574.8831575401059,
        "min": 574.8831575401051,
        "max": 574.883157540107,
        "count": 11528,
        "std": 3.3588989521814566e-13
    }
}